locatiecode,wgs84_lon,wgs84_lat,Overall_status_weighted
AAA002,4.980965379692025,52.17199098676224,Potential stress
ABA001,4.990197618849303,52.24664024489201,Potential stress
ABC001,4.967187438008575,52.27835975533026,OK
ABC002,4.967515394482041,52.27776772283095,Potential stress
ABC003,4.9731752894953285,52.27735626181627,Potential stress
ABC004,4.970333494152093,52.26788207866571,Potential stress
ABC005,4.973227613633229,52.26858431313461,Potential stress
ABC006,4.965774344107049,52.26975336232138,Potential stress
ABC007,4.9663985686424095,52.27345857836482,Potential stress
ABC008,4.970229422411943,52.27117126375855,Potential stress
ABC009,4.970124883895154,52.27919703421252,Potential stress
ABC010,4.97329794430748,52.27677248210702,Potential stress
ABC011,4.975325448598628,52.27776822398527,Potential stress
ABC012,4.964604118976868,52.27881791763218,Potential stress
ADM001,4.940107681413821,52.36732027835232,Potential stress
ADM003,4.821989219934843,52.37855330976862,Potential stress
ADM004,4.898351593863175,52.37386006712616,Potential stress
ADM010,4.884402001516791,52.36729454639838,Potential stress
ADM011,4.893537212010095,52.37893611987945,Potential stress
ADM012,4.851718211286552,52.349058869443,Potential stress
ADM013,4.863870145524321,52.36900311754806,Potential stress
ADM014,4.888594758142012,52.3783222241377,Potential stress
ADM016,4.902385526189825,52.36351382225259,Potential stress
ADM018,4.857022137081102,52.34735709421489,In danger
ADM020,4.910817200496007,52.36308967698075,Potential stress
ADM021,4.909972137015182,52.369314757038985,Potential stress
ADM022,4.905596991039877,52.37197537773563,Potential stress
ADM023,4.896117325638314,52.36742460870747,Potential stress
ADM026,4.939292653972538,52.36660717014315,Potential stress
ADM029,4.878250936523428,52.37872760344799,Potential stress
ADM030,4.883347495604911,52.38645185456587,Potential stress
ADM031,4.854058535391129,52.376598914580256,Potential stress
ADM032,4.856552832798232,52.3767898734014,Potential stress
ADM033,4.864351492475178,52.3755033708449,Potential stress
ADM034,4.8469950477092,52.37536254432469,Potential stress
ADM035,4.849362592120165,52.3678326100985,In danger
ADM036,4.855512349082697,52.376605451478014,Potential stress
ADM037,4.900285546030501,52.37560266191457,In danger
ADM038,4.879108796079905,52.37435427259305,Potential stress
ADM039,4.954948000289973,52.364697056309005,Potential stress
ADM040,4.953896856705197,52.36559198289504,Potential stress
ADM041,4.947592713922736,52.36466997437482,Potential stress
ADM042,4.943997643863218,52.38798857154346,Potential stress
ADM043,4.894069237557406,52.41297462540776,Potential stress
ADM044,4.933078832143012,52.39129960487222,OK
ADM054,4.849362592120165,52.3678326100985,In danger
ADM055,4.849362592120165,52.3678326100985,In danger
ADM056,4.869962636854096,52.36783452240814,Potential stress
ADM057,4.8345606168750725,52.37621292349231,Potential stress
ADM058,4.840184222698721,52.3834382074673,Potential stress
ADM059,4.84195047628873,52.3520791074064,Potential stress
ADM060,4.843430377493039,52.342702667756846,Potential stress
ADM061,4.918796907196402,52.36930505888004,Unknown
ADM062,4.885137089948018,52.3412601636452,Potential stress
ADM063,4.898476589758535,52.363848271346505,Potential stress
ADM064,4.906911350617631,52.36721723215399,OK
ADM065,4.926603501880163,52.37260720495909,Unknown
ADM066,4.891700552407799,52.38821273231429,Unknown
ADM067,4.845535006978613,52.35302130644519,Unknown
ADM068,4.899693319376082,52.372032107151774,Unknown
ADM069,4.898779239902251,52.371030704556674,Unknown
ADM070,4.897704879931332,52.369920779521934,Unknown
ADM071,4.849428242646405,52.34303565951232,Unknown
ADM073,4.914238067592963,52.36858589515444,Unknown
ADM074,4.844549672719328,52.35557830825423,Unknown
ADM076,4.884742434964135,52.36705332312275,Potential stress
ADM077,4.902014318619347,52.36523794350602,Unknown
ADM078,4.888522506078623,52.38082948787795,Unknown
ADM079,4.883372431670897,52.37520834835497,Unknown
ADM080,4.888432135549119,52.36666447700312,Unknown
ADM081,4.899428140736558,52.374781252370376,Unknown
ADM082,4.855259122094832,52.3756785784112,Unknown
ADM100,4.831082943024087,52.377158329385615,Unknown
ADM151,4.890028643278542,52.36570051798175,Unknown
AMK001,4.886447199331334,52.35000181845962,Potential stress
AMS001,4.735618737710412,52.2074731807158,Potential stress
AMS002,4.784795927005585,52.22872137881485,Potential stress
AMS003,4.830990366486236,52.231069085582426,Potential stress
AMS005,4.881472334500118,52.26361658663166,Potential stress
AMS006,4.879252701811543,52.2771248646488,Potential stress
AMS007,4.890931351391147,52.29417051415184,Potential stress
AMS008,4.898456389465528,52.299028323819385,Potential stress
AMS009,4.905001681856297,52.31596127617056,Potential stress
AMS010,4.898503180088008,52.33077345652135,Potential stress
AMS011,4.912056821661169,52.34741107104024,Potential stress
AMS012,4.89903198751575,52.33338209498248,Potential stress
AMS014,4.898034298074759,52.32139725496162,In danger
AMS015,4.900321498708975,52.29605205473425,Unknown
AMS016,4.870181540728432,52.25325859189908,In danger
AMS021,4.860841022687758,52.24804929304133,Potential stress
AMS022,4.9160910108257125,52.34065942365678,In danger
AMS023,4.920122733015484,52.3633154974347,Potential stress
AMS024,4.911820469984667,52.35029518680968,OK
AMS025,4.865103345204622,52.34281824089734,Unknown
AMS027,4.951996139348703,52.36029125997493,Unknown
AMS028,4.882986742581206,52.34066681638803,Potential stress
AMS029,4.917420471921735,52.341212961296,Unknown
AMS030,4.830680969826009,52.23122941229874,Potential stress
AMS031,4.881766820257967,52.263483027666496,Potential stress
AMS032,4.905441632663937,52.31596306863093,Potential stress
AMS033,4.89908997641075,52.33077587857396,Potential stress
AMS198,4.957171089257946,52.362548106156,Unknown
ANG001,4.998110407940577,52.22923006221316,Potential stress
ANG002,4.977672844565537,52.26312619527161,Potential stress
ANG003,4.994303310962039,52.224417921024205,Unknown
ANG004,4.981502483273634,52.26723786009963,Unknown
ANG005,4.987495955018899,52.2588816007818,Unknown
ANG006,4.990433413529829,52.21524629727204,Unknown
ANG007,4.973801235974043,52.26991652166517,Potential stress
ARK001,5.01855007500282,52.27267099782562,Potential stress
ARK003,4.957474852710714,52.36756433843956,In danger
ARK004,5.020126676675469,52.30532854761265,In danger
AVP001,4.824934781237086,52.29099900878377,Potential stress
AVW005,5.02013531943068,52.30250641611895,Potential stress
AVW006,5.011183855410469,52.2861385047187,Potential stress
AVW007,5.020189139363635,52.30309078798933,Potential stress
AVW008,5.020359270106038,52.28247333837285,Potential stress
AVW009,5.012229947835188,52.28722036216655,Potential stress
AVW116,5.0112003343628695,52.285922849915686,Unknown
AVW156,5.019676228852596,52.30306223217758,Unknown
BAA001,4.985122013061963,52.24603887295191,Potential stress
BAA002,4.984041914876772,52.24565770217142,Potential stress
BBO002,4.996990633554457,52.26181640169813,In danger
BBO003,4.987288645170585,52.25913255955299,Potential stress
BBO005,5.002566909327209,52.25047402995256,Potential stress
BBO006,5.000415706794526,52.25030522782042,Potential stress
BBO008,5.002880825892184,52.27178523351152,Potential stress
BBO009,4.986512553518914,52.26887275920027,Potential stress
BBO010,4.991101217537338,52.27838835933872,Potential stress
BBO011,4.979017281550037,52.2698627436292,Potential stress
BBO012,5.000585468065991,52.25267857907767,Potential stress
BBO014,4.976424371450048,52.2714266349825,Potential stress
BBO015,4.985872995774308,52.268313343620655,Potential stress
BBO016,5.000999760080891,52.24712543276048,Potential stress
BBO017,5.004389595072187,52.242867222576,Potential stress
BBO018,4.997688736228737,52.2690808796185,Potential stress
BBO019,4.9851630013014505,52.2690659098812,Potential stress
BBO107,4.999767290050491,52.270966166646375,Unknown
BBO129,5.010528128922911,52.26492516715522,Unknown
BBO130,5.007868110191858,52.24187179773689,Unknown
BBO162,4.985785824587019,52.26336074454427,Unknown
BBO181,4.983387385223533,52.264547959655154,In danger
BBO182,4.984038582733812,52.26381317871258,In danger
BBV001,4.861137625316485,52.34064361114151,Potential stress
BEA001,4.879292517699789,52.34420118891448,Potential stress
BER001,4.938039440127605,52.3888738789685,Potential stress
BKP001,4.877303357287102,52.2720562910311,Potential stress
BKP002,4.859574573536331,52.27459397096648,Potential stress
BKP003,4.86621650268065,52.27045304253401,Potential stress
BKP004,4.865220742220867,52.26791406004819,Potential stress
BKP005,4.856376977789002,52.267515159641846,Potential stress
BKP006,4.867649336565892,52.274467952011285,Potential stress
BKP007,4.879263235529281,52.29416591200162,Potential stress
BKP008,4.869458472158353,52.277648615126296,Potential stress
BKP009,4.866956376109208,52.27358409055901,Potential stress
BKP015,4.848629232594009,52.3000252717727,Potential stress
BKP016,4.851408827784044,52.30051425394623,Potential stress
BKP017,4.867232361221225,52.29384398848696,Potential stress
BKP020,4.866514731218656,52.28252509772814,Potential stress
BKP028,4.848334644351121,52.28320760739504,Potential stress
BKP030,4.860434977047066,52.29225900338201,Potential stress
BKP031,4.869692085592922,52.26008727251239,Potential stress
BKP032,4.851094337028703,52.26702394683068,In danger
BKP033,4.851094445319328,52.26701495940251,In danger
BKP034,4.851094337028703,52.26702394683068,In danger
BKP035,4.851094445319328,52.26701495940251,In danger
BKP047,4.880721199139432,52.284564139663495,Potential stress
BKP048,4.878582985532815,52.2716213967463,Potential stress
BKP049,4.859850929377362,52.25128053805392,Potential stress
BKP050,4.854560655236575,52.26259958450448,Potential stress
BKP051,4.8535558402662735,52.25844262904081,In danger
BKP052,4.8613792303556105,52.28802092953374,In danger
BKP120,4.84462292923663,52.2751284833341,Unknown
BKP134,4.839758765335915,52.25009263796159,Potential stress
BKP136,4.860638735940483,52.25029537756637,Unknown
BKP146,4.882665749960356,52.28626217255815,Unknown
BKP166,4.835494085038659,52.26453440880595,Unknown
BLM001,4.990563481583158,52.32225593489564,Potential stress
BLM002,4.960470474949457,52.31561712065648,Potential stress
BLM003,4.980347664865652,52.32943840759616,Potential stress
BLM005,4.965248974123229,52.32359741923262,Potential stress
BLM006,4.963254500976352,52.30818524953245,Potential stress
BLM007,4.95464905294024,52.3049903922156,Potential stress
BLM108,4.973000948647696,52.31967918512185,Unknown
BLV001,4.952250810471858,52.143935877952416,Potential stress
BLV002,4.928768461376628,52.16724286934078,Potential stress
BLW001,4.93643005140824,52.30441005855148,Potential stress
BLW002,4.950249943688429,52.29161833971445,Potential stress
BLW003,4.96515106235971,52.28603709719473,Potential stress
BLW004,4.964706794132498,52.2865208530728,OK
BLW005,4.920771912365392,52.29735682409447,Potential stress
BLW008,4.907925848227903,52.29639769127578,Potential stress
BLW010,4.917649984480139,52.29869264430821,Potential stress
BLW011,4.920694480954499,52.2949567685501,Potential stress
BLW016,4.965364156412734,52.2867478954451,In danger
BLW020,4.910325983722714,52.292668453627854,In danger
BLW021,4.911854576111995,52.29227914294796,In danger
BLW022,4.932067501421797,52.302326156079296,Potential stress
BLW023,4.965795359954873,52.28145560402383,Potential stress
BLW024,4.952559140796742,52.28630605794918,Potential stress
BLW025,4.964717034184916,52.2900710778902,Potential stress
BLW101,4.923579167954762,52.303686299132586,Unknown
BLW130,4.961863511549306,52.294186255224616,Unknown
BLW136,4.943240391873544,52.30661985214019,Unknown
BLW141,4.907354347194001,52.29502023482435,Unknown
BNB001,4.826382302415694,52.187823864683054,Potential stress
BNB002,4.801584937519431,52.21088367165486,Potential stress
BNB003,4.808956683239286,52.21783179509213,Potential stress
BNB004,4.804244770002654,52.19769338152207,Potential stress
BNB005,4.795860638246573,52.22327661595106,Potential stress
BNB006,4.805478740481743,52.197286016765766,Potential stress
BNB105,4.811256255864976,52.20294985138422,OK
BNB135,4.817364142325734,52.220649956094576,Potential stress
BOT001,4.925838108501477,52.24566050867638,Potential stress
BOT002,4.9235428651868745,52.25093641464701,Potential stress
BOT003,4.921670117875422,52.25497360762356,Potential stress
BOT004,4.930955109405516,52.259288050865656,Potential stress
BOT005,4.928761356995367,52.24332604092199,Potential stress
BOT006,4.913447669351534,52.25006050067438,Potential stress
BOT007,4.922484994148327,52.25828435958499,Potential stress
BOT008,4.932951264257033,52.24883383241109,In danger
BOT009,4.936982904033158,52.264299436999856,Potential stress
BOT011,4.924749075661016,52.26592395315059,Potential stress
BOT013,4.929887011335724,52.249199506071,Potential stress
BOT014,4.921505309071292,52.24692878423891,Potential stress
BOT015,4.920660005679176,52.24934319755769,Potential stress
BOT016,4.925899601496274,52.25385771678991,Potential stress
BOT017,4.921557681383843,52.25312165752315,Potential stress
BOT018,4.919049718840279,52.2534712655295,Potential stress
BOT019,4.919032252608372,52.25095458341441,Potential stress
BOT020,4.91980626263921,52.25673686695264,Potential stress
BOT021,4.915941099719693,52.2538364025826,Potential stress
BOT022,4.926313069226673,52.25635796458522,Potential stress
BOT023,4.928165158870755,52.25854922958056,Potential stress
BOT024,4.9287452091596045,52.26195788918054,Potential stress
BOT025,4.930693605952604,52.257651245808496,Potential stress
BOT026,4.93307334472359,52.264140675666006,Potential stress
BOT027,4.93416550507925,52.2590217753085,Potential stress
BOT028,4.924142452408237,52.26087038875764,Potential stress
BOT029,4.933386275543093,52.25500120030989,Potential stress
BOT030,4.94450057557296,52.255169184400245,Potential stress
BOT031,4.9112279172212,52.25222665522169,Potential stress
BOT032,4.927674922447894,52.25496115610247,Potential stress
BOT033,4.928044748112219,52.25744325156151,Potential stress
BOT034,4.925154213284991,52.25794429669353,Potential stress
BOT035,4.925191713759926,52.258564607687006,Potential stress
BOT036,4.92506213273871,52.25975949025167,Potential stress
BOT037,4.924679921886849,52.259892813521695,Potential stress
BOT038,4.927626516749669,52.25681247372957,Potential stress
BOT039,4.934574482735971,52.25769313527504,Potential stress
BOT040,4.935621543170538,52.25698709745025,Potential stress
BOT041,4.90868632989086,52.25161420164252,Potential stress
BOT042,4.9240699661612135,52.2607982016694,Potential stress
BOT043,4.93453167611729,52.24750069937264,In danger
BOT112,4.916099522660968,52.25547283215486,Unknown
BOT127,4.929266476527022,52.26539327944769,Unknown
BOT333,4.917751149458496,52.25717811668959,In danger
BOT334,4.921524420586926,52.25490113045928,In danger
BOT335,4.934127556481253,52.24980005331528,In danger
BOW001,4.886842792052247,52.355270312155895,Potential stress
BSD001,4.91726262224027,52.400477214827845,Potential stress
BTV001,4.898426224989083,52.33776562724824,Potential stress
BTV002,4.862471067460821,52.32341991803808,Potential stress
BTV003,4.905108786248826,52.33582471840276,Potential stress
BTV004,4.876089235954393,52.33308748998847,Potential stress
BTV005,4.888917936355187,52.33517344497139,Potential stress
BTV006,4.862380089794766,52.32367117332513,In danger
BTV007,4.871550977896502,52.32212964480744,In danger
BTV008,4.874679376119581,52.33829430785585,In danger
BTV009,4.87808205671728,52.32946501304635,In danger
BTV010,4.882498460757226,52.322949804228166,In danger
BTV011,4.893077758705543,52.33316863802794,In danger
BTV104,4.877174243462944,52.33314609833086,OK
BTV118,4.873421592022054,52.33540377478155,Potential stress
BUL001,4.918312289056862,52.2914960190158,Potential stress
BUL002,4.91571291418065,52.29473029260293,Potential stress
BWW001,4.994500239473641,52.18546483795193,Potential stress
BWW002,4.990788494716604,52.18025738239982,Potential stress
BWW003,4.994370618232321,52.18523970742784,Potential stress
BWW103,4.981370096061426,52.18213982146515,Unknown
BZP001,4.968176796457133,52.27910925587073,Potential stress
BZP002,4.977750364780255,52.28494892964709,Potential stress
BZP003,4.974903090056388,52.28065184493799,Potential stress
BZP006,4.981355550646823,52.2801348987919,Potential stress
BZP100,4.988875295619339,52.28150864309123,Unknown
DBR001,4.814363409985731,52.38678538543288,Potential stress
DBR003,4.776552291449891,52.38579654061756,Potential stress
DBR004,4.804251789457529,52.38496545764599,Potential stress
DBR005,4.769656092472747,52.38736060139535,Potential stress
DBR101,4.802865939158869,52.386468568351226,Potential stress
DBR102,4.795261395259032,52.385037700524,Unknown
DED001,4.985660602539404,52.3389116453605,Potential stress
DED002,4.983756739892431,52.33850971092147,Potential stress
DED100,4.98034550332482,52.3360803350817,Potential stress
DEM001,4.933905806470876,52.18958893847499,Potential stress
DEM002,4.952885916921448,52.19278810213519,Potential stress
DEM003,4.976214131842073,52.20376501454805,Potential stress
DMP001,4.996593951655405,52.34204000745935,Potential stress
DMP002,4.965507954701432,52.342670326768825,Potential stress
DMP003,4.969202201833558,52.34150603977655,Potential stress
DMP006,4.974826171436718,52.34267619669024,Potential stress
DMP012,4.968209322241026,52.35186536389006,Potential stress
DMP013,4.968364269038249,52.33855510319087,Potential stress
DMP014,4.975703234259791,52.34779325820329,Potential stress
DMP015,4.97968224700386,52.34600049475844,Potential stress
DMP016,4.962905400309651,52.34628307709278,Potential stress
DMP017,4.971864844543865,52.3407963958158,OK
DMP018,4.970566591701358,52.33997394980394,Potential stress
DMP019,4.974752714484032,52.33636655843427,Potential stress
DMP020,4.960640506759932,52.34678723639082,Potential stress
DMP021,4.988043633073113,52.34314393247858,Unknown
DMP103,4.975641725653832,52.34018044916999,Unknown
DMP113,4.979770379922456,52.34599181045076,Unknown
DMP116,4.977832601661785,52.34446620099899,Unknown
EBO001,4.882855330499974,52.22818306948241,Potential stress
EBO002,4.862665641013116,52.227412061090725,Potential stress
EBO003,4.884342246493148,52.22482790911885,Potential stress
ELZ101,4.959877644626495,52.25525274514898,OK
ERP001,4.853674384600319,52.37435025232932,Potential stress
ERP002,4.8506342109308935,52.37559479679308,Potential stress
ERP003,4.849622952698263,52.37421508700448,Potential stress
FKD001,4.933706481861623,52.35147756427496,Potential stress
FRP001,4.92017511116817,52.39599490990621,Potential stress
FRP002,4.919368784339481,52.395829950308254,Potential stress
FRP003,4.918378128806169,52.39503512010082,In danger
FRP004,4.917922701296213,52.39503331665436,In danger
FRP007,4.917907798667111,52.39088994762615,Potential stress
FVP001,4.948981854759874,52.362266422101065,Potential stress
FVP002,4.953021160860131,52.36355755687561,Potential stress
FVP003,4.947360385607953,52.358485574910056,Potential stress
GAA001,4.997254051178722,52.31700236568737,Potential stress
GAA002,5.018064080316631,52.304755900028695,Unknown
GAA005,4.997092730504375,52.31700183387528,Potential stress
GAG001,4.90799056705,52.19380083859532,Potential stress
GAG002,4.922303663187527,52.18728783417368,Potential stress
GAG003,4.919310113773526,52.17991482492637,Potential stress
GAG004,4.904586096612371,52.19349935563525,Potential stress
GAG005,4.911750777875891,52.193663244154685,Potential stress
GBP001,4.828492214145773,52.37879987759584,Potential stress
GEE003,4.894478275123674,52.16188263224575,Potential stress
GEI001,5.004272401165422,52.28032817796621,Potential stress
GEI002,4.981222312730929,52.27386093651238,Potential stress
GEI004,4.986719150867034,52.27847246415973,Potential stress
GEU001,4.972942390934112,52.22053406771582,Potential stress
GGP001,5.008147800362067,52.30704338367539,Potential stress
GGP002,5.001459170712376,52.30563764544473,Potential stress
GGP003,5.00073185303417,52.29653963915624,Potential stress
GGP004,4.979155294122077,52.28836016751969,Potential stress
GGP006,4.981217457620147,52.3048958216907,Potential stress
GGP007,4.993081655367107,52.289710632178135,Potential stress
GGP008,4.977791330526816,52.29482667367432,Potential stress
GGP009,4.973693296630723,52.30202062912468,Potential stress
GGP012,4.988652356302427,52.30965766282328,OK
GGP013,4.989747666665076,52.31015567520485,Potential stress
GGP014,5.013814615275075,52.29922407122021,Potential stress
GGP015,4.982801578317796,52.30643815839237,OK
GGP018,4.99578642789418,52.29380906308425,Potential stress
GGP019,5.004304822651867,52.3072017746493,Potential stress
GGP020,5.000440545330477,52.30980464352935,Potential stress
GGP021,4.982063820620109,52.2940774237478,Potential stress
GGP022,4.993783505642386,52.31143644074924,Potential stress
GGP023,4.97499123455789,52.3059258588177,Potential stress
GGP024,4.98956058272709,52.30975958466863,Unknown
GGP025,4.993351791341549,52.30885551521641,Unknown
GGP032,4.995848203347951,52.3034441735273,OK
GGP050,4.996655139430373,52.30671839026449,Potential stress
GGP051,4.996655139430373,52.30671839026449,Potential stress
GGP052,4.996655139430373,52.30671839026449,Potential stress
GGP054,4.996655139430373,52.30671839026449,Potential stress
GGP056,4.996655139430373,52.30671839026449,Potential stress
GGP057,4.996655139430373,52.30671839026449,Potential stress
GGP059,4.989572459562703,52.311709970133066,Potential stress
GGP060,4.9904240214964295,52.309951226999154,Potential stress
GGP081,5.004784996505644,52.30592706490705,Potential stress
GGP082,4.999945779007697,52.30432048584354,Potential stress
GGP115,4.98737677344076,52.30638180896519,Unknown
GHC002,4.959124689753516,52.15990580411186,Potential stress
GHC003,4.983737985296113,52.16929510819599,In danger
GSW001,4.987211847572086,52.3312234048463,Potential stress
GSW002,5.0038746799757305,52.31117297303632,Potential stress
GSW004,5.015130744271808,52.32939110578011,Potential stress
GSW005,5.003570545913451,52.31073158690726,Potential stress
GSW006,5.017784891815931,52.315414506691965,Potential stress
GSW007,4.9983614733321255,52.31782389589618,Potential stress
GSW008,5.012330966190041,52.32043947620059,Potential stress
GSW009,4.999355857198895,52.31311757635482,Potential stress
GSW010,4.98446599712534,52.33796387556124,Potential stress
GSW011,5.016732669402308,52.30969500637431,Potential stress
GSW012,5.009531158712244,52.32197646378751,Unknown
GSW013,5.015971577322277,52.32356969887628,Unknown
GSW014,4.991495787499845,52.33121084414987,Potential stress
GSW015,4.997998135085492,52.31744521565499,Potential stress
GSW016,5.012549450538522,52.320619923011655,Potential stress
GSW017,5.019357584218353,52.3079056459472,Potential stress
GSW018,5.007410780541462,52.324657010247385,Potential stress
GSW151,4.997977357971087,52.32651378089148,Unknown
GSW160,5.008025375564211,52.31623746707305,Unknown
GWM001,4.919939445317126,52.17985440156042,Potential stress
GWV001,4.972423532345919,52.21810550616915,Potential stress
GWV002,4.954544396537702,52.232880440710666,Potential stress
GWV003,4.947051927806939,52.24005208495579,OK
GWV004,4.96326996966926,52.235833141701214,OK
GWV005,4.962875658859757,52.23880672267558,OK
GWV006,4.906834053541988,52.19661837179587,Potential stress
GWV007,4.961636194252264,52.24901251306638,OK
GWV008,4.9483252805555225,52.25197477366856,OK
GWV009,4.971694754510556,52.22093414252731,Potential stress
GWV010,4.973019151768618,52.22014785601877,Potential stress
GWV011,4.829057416190624,52.22412123379033,Potential stress
GWV012,4.826069087426958,52.19876982807039,Potential stress
GWV013,4.93291705564346,52.24357577613788,Potential stress
GWV014,4.8610594911243625,52.20973452474392,Potential stress
GWV015,4.887035775133712,52.16479940791033,Potential stress
GWV016,4.933739840792359,52.20159625167587,Potential stress
GWV017,4.951066054388734,52.25473521231389,Potential stress
GWV018,4.9285170870502135,52.20733737295644,Potential stress
GWV019,4.952451401999891,52.21785392776254,Potential stress
GWV020,4.952451401999891,52.21785392776254,Potential stress
GWV021,4.952451401999891,52.21785392776254,Potential stress
GWV022,4.971128063255901,52.22050072735758,Potential stress
GWV023,4.951375734703535,52.24853471277271,Potential stress
GWV024,4.951375734703535,52.24853471277271,Potential stress
GWV025,4.951375734703535,52.24853471277271,Potential stress
GWV026,4.951375734703535,52.24853471277271,Potential stress
GWV027,4.951375734703535,52.24853471277271,Potential stress
GWV028,4.951375734703535,52.24853471277271,Potential stress
GWV029,4.951375734703535,52.24853471277271,Potential stress
GWV030,4.951375734703535,52.24853471277271,Potential stress
GWV031,4.951375734703535,52.24853471277271,Potential stress
GWV032,4.951375734703535,52.24853471277271,Potential stress
GWV033,4.928769718482215,52.23255854347919,Potential stress
GWV034,4.937149854714633,52.246342272132125,Potential stress
GWV035,4.958307816922003,52.2509778155744,Potential stress
GWV036,4.951375734703535,52.24853471277271,Potential stress
GWV037,4.951375734703535,52.24853471277271,Potential stress
GWV038,4.951375734703535,52.24853471277271,Potential stress
GWV039,4.949527298283757,52.23100146215674,Potential stress
GWV040,4.964493172484623,52.23497468507625,Potential stress
GWV041,4.962985323821578,52.22729360190691,Potential stress
GWV042,4.962985323821578,52.22729360190691,Potential stress
GWV043,4.962985323821578,52.22729360190691,Potential stress
GWV044,4.942740654673634,52.220208580556125,Potential stress
GWV045,4.923751472028366,52.191499911504216,Potential stress
GWV046,4.935720144422726,52.20827291400678,Potential stress
GWV047,4.845905385221934,52.21186810130304,Potential stress
GWV048,4.833376974998305,52.22748510107162,Potential stress
GWV049,4.881990578101223,52.171491997983175,Potential stress
GWV050,4.941821890203708,52.15985075925187,Potential stress
GWV051,4.96969525647572,52.17036977230785,Potential stress
GWV052,4.837634717624656,52.18845201924745,Potential stress
GWV053,4.986302350302234,52.20113027054481,Potential stress
GWV054,4.979546158208827,52.1897283793578,Potential stress
GWV055,4.976285472786154,52.175390227425,Potential stress
GWV056,4.967525391162003,52.191259159832,Potential stress
GWV057,4.991196182150865,52.22162129321197,Potential stress
GWV058,4.973254686126123,52.21842299932784,Potential stress
GWV059,4.963489080618344,52.20510418966212,Potential stress
GWV060,4.963148176479868,52.20557033978283,Potential stress
GWV061,4.925019015334332,52.1990188416483,In danger
GWV067,4.937307024984032,52.21774328874749,Potential stress
GWV070,4.945601048545239,52.24610451880396,OK
GWV079,4.952451401999891,52.21785392776254,Potential stress
GWV081,4.962985323821578,52.22729360190691,Potential stress
GWV087,4.934594309796697,52.24422035385708,Potential stress
GWV088,4.937376092228883,52.24423996382984,Potential stress
GWV089,4.934919374148953,52.20212207786821,Potential stress
GWV091,4.923457362494457,52.18743617967831,In danger
GWV092,4.951375734703535,52.24853471277271,Potential stress
GWV093,4.961669026094653,52.25630180183138,Potential stress
GWV094,4.964363317184798,52.2548194843783,Potential stress
GWV095,4.961756900918672,52.25323725236416,Potential stress
GWV096,4.959477017132071,52.2496967853733,OK
GWV097,4.935722374642954,52.21527454343987,Potential stress
GWV098,4.932379224619924,52.20735231006551,Potential stress
GWV099,4.94474485152624,52.20111669599876,Potential stress
GWV100,4.96544866916198,52.24692301505061,Unknown
GWV101,4.960677178375486,52.25434785763257,In danger
GWV102,4.960350683443647,52.254796072785936,Potential stress
GWV103,4.96036118549087,52.256755467533466,In danger
GWV104,4.925863941089856,52.200765814705946,In danger
GWV105,4.92440960340314,52.20136231880306,In danger
GWV143,4.828564942984986,52.221377563612975,Unknown
GWV157,4.819299274615471,52.226123987628974,Unknown
GWV174,4.963875467211372,52.20755029883696,Unknown
GWV515,4.826959595413336,52.19425306763736,Unknown
GWV554,4.958286696623508,52.199962270883226,OK
GWV555,4.96141411399538,52.20026120370139,Unknown
GWV570,4.9497398145859055,52.21085129246234,OK
GWV579,4.951505531254627,52.20833220397082,Potential stress
GWV591,4.964247226649404,52.211542280051766,Unknown
GWV625,4.945270941065504,52.1893623864308,Unknown
GWV644,4.919531098295854,52.1783607730674,Unknown
GWV661,4.9271385499769815,52.18497888062928,OK
GWV686,4.912484738012728,52.17967186159792,OK
GWV707,4.8556331304552085,52.18383368371566,OK
GWV730,4.847627431244768,52.18081332697848,OK
GWV769,4.901798066493368,52.16881579117141,OK
GWV796,4.944179893245656,52.19614422681264,Unknown
GWV805,4.973247026964292,52.16725445521968,OK
GWV840,4.942219696392765,52.16099374064834,OK
GWV844,4.956399885759393,52.162097955812094,OK
GWV866,4.966741337801173,52.18445246805353,Unknown
GWV875,4.969662190523157,52.17546585350039,OK
GWV878,4.979210741950751,52.18642863382348,Unknown
GWV882,4.968665964955519,52.19439102304074,OK
GWV891,4.975376657165041,52.19465729388023,OK
GWV895,4.977939667322469,52.19746146169085,Unknown
GWV930,4.991493278027914,52.21782938690092,OK
GWV932,4.956732445255653,52.1745925134942,Potential stress
GWZ001,4.935038340061357,52.175967463604174,Potential stress
GWZ002,4.882382809422423,52.17687751808095,Potential stress
GWZ003,4.850385073778994,52.18129327916754,Potential stress
GWZ004,4.902412100625186,52.171496752130125,Potential stress
HBP001,4.927702711855423,52.2820596960224,Potential stress
HBP004,4.927685518333888,52.29223386382599,Potential stress
HBP005,4.927219812580293,52.28482607505586,Potential stress
HBP006,4.931995225414331,52.28361322117932,Potential stress
HBP007,4.923305637776227,52.28774980845488,Potential stress
HBP008,4.948290679243869,52.283701795700445,In danger
HBP009,4.939542518153175,52.2850711020932,In danger
HBP010,4.93023992965456,52.283291876030525,In danger
HBP012,4.925360714126579,52.29449872848667,OK
HBP013,4.93040269205119,52.2945542625143,OK
HBP050,4.930882004297308,52.29070033444224,Potential stress
HBP090,4.930773214032115,52.29273116423759,Potential stress
HBP100,4.930882004297308,52.29070033444224,Potential stress
HBP101,4.930882004297308,52.29070033444224,OK
HBP102,4.930882004297308,52.29070033444224,OK
HBP103,4.930882004297308,52.29070033444224,OK
HBP104,4.930882004297308,52.29070033444224,OK
HBP105,4.930882004297308,52.29070033444224,Potential stress
HBP106,4.930882004297308,52.29070033444224,OK
HBP107,4.930882004297308,52.29070033444224,OK
HBP108,4.930882004297308,52.29070033444224,OK
HBP109,4.930882004297308,52.29070033444224,OK
HBP110,4.930882004297308,52.29070033444224,Potential stress
HBP111,4.930882004297308,52.29070033444224,OK
HBP112,4.930882004297308,52.29070033444224,OK
HBP113,4.930882004297308,52.29070033444224,OK
HBP114,4.930882004297308,52.29070033444224,OK
HBP115,4.930882004297308,52.29070033444224,OK
HBP116,4.930882004297308,52.29070033444224,OK
HBP117,4.930882004297308,52.29070033444224,OK
HBP118,4.930882004297308,52.29070033444224,OK
HBP119,4.930882004297308,52.29070033444224,OK
HBP120,4.930882004297308,52.29070033444224,Potential stress
HBP121,4.930882004297308,52.29070033444224,OK
HBP122,4.930882004297308,52.29070033444224,OK
HBP123,4.930882004297308,52.29070033444224,OK
HBP124,4.930882004297308,52.29070033444224,OK
HBP125,4.930882004297308,52.29070033444224,OK
HBP126,4.930882004297308,52.29070033444224,OK
HBP127,4.930882004297308,52.29070033444224,OK
HBP128,4.930882004297308,52.29070033444224,OK
HBP129,4.930882004297308,52.29070033444224,OK
HBP130,4.930882004297308,52.29070033444224,Potential stress
HBP131,4.930882004297308,52.29070033444224,OK
HBP132,4.930882004297308,52.29070033444224,OK
HBP133,4.930882004297308,52.29070033444224,OK
HBP134,4.930882004297308,52.29070033444224,OK
HBP135,4.930882004297308,52.29070033444224,Potential stress
HBP253,4.937631611991855,52.29288326540551,Unknown
HBP260,4.944976272309794,52.28246710048364,Unknown
HBP264,4.941743633408364,52.28479180397402,Unknown
HCP001,4.949752118662162,52.14697359083925,Potential stress
HLV003,4.86947714450614,52.385529212726645,In danger
HLV004,4.803112072227015,52.38451045449994,Potential stress
HNV001,4.866294018874351,52.15742933275236,Potential stress
HNV002,4.88674669465312,52.16451056440435,Potential stress
HOD001,4.951273456821411,52.27841899364564,Potential stress
HOD003,4.932378915954716,52.28048692732291,Potential stress
HOD004,4.951274513762712,52.27831114343754,Potential stress
HSV001,4.991415912436848,52.21500691941388,Potential stress
HSV002,5.001866043008541,52.22485627447284,Potential stress
HSV003,4.994493723012997,52.21111643125074,Potential stress
HSV004,5.003118375056446,52.22898579962087,Potential stress
HSV006,4.987735807485818,52.19787250107143,Potential stress
HSV007,5.001678649994257,52.214375754727925,In danger
HSV104,4.998162799749167,52.218202069726736,Unknown
HSV118,4.988678778033166,52.19219529652846,Unknown
IJB001,4.999227712142469,52.35130600065766,Potential stress
IJB002,4.984501624682885,52.36153873662681,Potential stress
IJB003,4.996492359191826,52.35191715480912,Potential stress
IJB004,4.979023542929626,52.3601808120816,Potential stress
IJB005,4.994900730883836,52.35929078077719,Potential stress
IJB006,4.994543746945709,52.35484069417355,Unknown
IJM001,4.958031558187866,52.36769218517227,Potential stress
IJM004,4.997406503715069,52.35980236729828,Potential stress
IJM005,4.986110182207449,52.35736492443039,Potential stress
IJM006,5.011342781127349,52.34535928470348,Potential stress
IJM007,5.013943051944298,52.34677858088767,Potential stress
IJM008,5.005497928016112,52.34412724127332,Unknown
IJM009,4.975067760232381,52.36091308551917,Unknown
KMU001,4.813675365897903,52.20935212501825,Potential stress
KMU002,4.817869747842193,52.22345665506095,Potential stress
KMU003,4.819903114133074,52.21548507832633,Potential stress
KMU004,4.829116189540136,52.18905020881995,In danger
KMU005,4.865797117824787,52.15993481351406,Potential stress
KMU006,4.821196892007932,52.196571464268345,Unknown
KMU007,4.841440229343222,52.18220499680704,Potential stress
KMU008,4.813455456849109,52.20938700895906,Potential stress
KRS001,4.900916032078002,52.40381755812042,Potential stress
KVV001,4.858601233601315,52.36387467377562,Potential stress
KVV002,4.864886067952381,52.37001422968287,Potential stress
LBG001,4.876723022649488,52.37111742013965,Potential stress
LBG002,4.876260596616603,52.37174456600192,In danger
LBG004,4.877753917855383,52.3695759720577,In danger
LMP001,4.765122848346678,52.35763221403228,Potential stress
LMP002,4.767624338983648,52.35930808043733,Potential stress
LMP003,4.7614156967557495,52.355069118231846,Potential stress
LMP004,4.759309416177206,52.35557925769826,Potential stress
LMP101,4.770031565093029,52.36144177966319,Unknown
LWK001,4.910513399255355,52.38589922478037,Potential stress
MAP001,4.786944488566209,52.359227872353706,Potential stress
MAP002,4.775469986326741,52.35564590649605,Potential stress
MAP003,4.786380379156149,52.34451195523698,Potential stress
MAP004,4.781686639832887,52.346492318881936,Potential stress
MAP005,4.789303658770312,52.34756464497215,Potential stress
MAP006,4.777969165816192,52.35751028599111,Potential stress
MAP007,4.78155665063297,52.346338860632976,In danger
MAP101,4.787363278924526,52.35865477588258,Unknown
MAP111,4.779454895151864,52.35299705253173,Unknown
MIJ001,4.862125466715466,52.21736109312053,Potential stress
MIJ002,4.869196082669082,52.21460603724976,Potential stress
MIJ003,4.865947993494278,52.20207145426181,Potential stress
MIJ004,4.863601688392738,52.20256440256601,Potential stress
MIJ005,4.859130110208604,52.20216699334566,Potential stress
MIJ006,4.846296934411516,52.203717761731866,Potential stress
MIJ007,4.858333674077151,52.20641476110693,Potential stress
MIJ008,4.862099790167738,52.208363989772586,Potential stress
MIJ009,4.864415060456361,52.21303903552182,Potential stress
MIJ010,4.859441239371408,52.215425698142255,Potential stress
MIJ011,4.8708301320288,52.19986387694599,Potential stress
MIJ012,4.852797112191814,52.19963983057488,Potential stress
MIJ013,4.865875571884714,52.21576885439024,Potential stress
MIJ014,4.863402081020393,52.20710246398092,Potential stress
MIJ015,4.86668467339335,52.2166532462798,Potential stress
MIJ016,4.859930518334154,52.20128075609876,Potential stress
MIJ017,4.888889179849624,52.200390869885965,Potential stress
MIJ018,4.8937851291380055,52.1994587013707,Potential stress
MIJ019,4.899429916097505,52.20092023388069,Potential stress
MIJ020,4.902527608502294,52.19854218159912,Potential stress
MIJ021,4.869350260474175,52.21770757039543,Potential stress
MIJ023,4.852413224108427,52.20847331753163,Potential stress
MIJ024,4.862505328156956,52.20125627336605,OK
MIJ025,4.870306837598907,52.20084128111246,Potential stress
MIJ026,4.861284302050296,52.21919988918945,Potential stress
MIJ027,4.858266449013231,52.20221705595768,Potential stress
MIJ028,4.852899345922849,52.20209402436812,Potential stress
MIJ029,4.849561886844691,52.20591676160412,Potential stress
MIJ030,4.850259261661413,52.20267525851326,Potential stress
MIJ031,4.852467819026477,52.20270325661241,Potential stress
MIJ032,4.855645931778511,52.2011626778916,Potential stress
MIJ033,4.856690611389587,52.20310878874973,Potential stress
MIJ034,4.860856879587582,52.20335213331794,Potential stress
MIJ035,4.863576115293203,52.1997600272568,Potential stress
MIJ036,4.865688235190643,52.19801671056855,Potential stress
MIJ037,4.868053587842836,52.19837766697234,Potential stress
MIJ038,4.869480579747499,52.197673878852974,Potential stress
MIJ039,4.8635743536177225,52.196173797863096,Potential stress
MPA001,4.903728086499859,52.31170484516836,Potential stress
MPA003,4.866466354222999,52.30918287950272,Potential stress
MPA004,4.890562885632238,52.3127198546226,Potential stress
MPA005,4.888508014372428,52.2958949745165,Potential stress
MPA006,4.884154955996309,52.31267480227222,Potential stress
MPA007,4.860431126789528,52.3136141233072,Potential stress
MPA011,4.894538988626943,52.311217540175086,Potential stress
MPA012,4.900397785308032,52.309165610817445,Potential stress
MPA013,4.897111547030906,52.30798362410755,Potential stress
MPA014,4.890636703968581,52.30611411487681,Potential stress
MPA015,4.887432218808978,52.30031245238018,Potential stress
MPA016,4.884936816034822,52.31226468486913,Potential stress
MPA022,4.871899819759912,52.3198752234681,Potential stress
MPA024,4.861185808883647,52.313042260250526,Potential stress
MPA028,4.893317286103961,52.30107417707635,Potential stress
MPA029,4.881256078557191,52.3109727280485,Potential stress
MPA030,4.876497813692465,52.3154192289534,Potential stress
MPA031,4.868735684997137,52.31953783755226,Potential stress
MPA035,4.861197600908965,52.3058520402193,Potential stress
MPA038,4.858316188907976,52.30156097310227,Potential stress
MPA040,4.898071305408062,52.30604622717096,Potential stress
MPA041,4.878181600809176,52.32205949280466,Unknown
MPA042,4.897130354721427,52.31159680493568,Potential stress
MPA043,4.853711489205952,52.313871619584575,Potential stress
MPA045,4.899971442346289,52.31194109034063,Potential stress
MPA101,4.894039333125011,52.30999311478881,OK
MPA112,4.890342865301114,52.32190447156228,OK
MPA122,4.892981190147947,52.29701925763387,OK
MPA142,4.900259846112203,52.31773941376655,OK
MPA157,4.892193004918097,52.30461068310251,OK
NAK001,4.870279078727844,52.35201747210673,Potential stress
NAK002,4.858532088920222,52.34749866515372,In danger
NBW001,4.857537761336426,52.17243639812469,Potential stress
NBW002,4.852794645270482,52.17177686418383,Potential stress
NBW003,4.860523847333312,52.175820284629005,Potential stress
NBW005,4.841149813776815,52.1689013050538,Potential stress
NBW006,4.85918050527791,52.16703294008367,Potential stress
NBW007,4.824127114622232,52.18807378358912,Potential stress
NBW009,4.836849636030704,52.179783869296486,Potential stress
NBW010,4.808248540001136,52.19462118804325,Potential stress
NBW011,4.850060426377742,52.17304075849133,Potential stress
NBW012,4.860441302035688,52.15556978026439,Potential stress
NBW128,4.838773494551436,52.17552348948051,OK
NBW155,4.8578825077328025,52.16062761197149,OK
NBW163,4.863682566796057,52.15954795182863,Potential stress
NBW169,4.832966669817848,52.18634496631587,Unknown
NDP001,4.955620189328245,52.36502306526891,OK
NDP003,4.955130279400949,52.35954777327809,Unknown
NIE002,4.751842687035861,52.20240242526404,Potential stress
NIE003,4.757908739283203,52.19963062594907,Potential stress
NIJ001,4.862351943282905,52.42781177544306,Potential stress
NIJ003,4.863085802358621,52.42419300917691,Potential stress
NIJ004,4.863085802358621,52.42419300917691,Potential stress
NIJ005,4.863085802358621,52.42419300917691,Potential stress
NIJ006,4.869298222748183,52.427249152634346,In danger
NIJ007,4.862750485192728,52.41774738931574,Potential stress
NIJ008,4.861448577838694,52.418451643572006,Potential stress
NIJ009,4.869695174627968,52.42473435202058,Potential stress
NIJ010,4.865830205297471,52.42210200973327,Potential stress
NIJ011,4.863085802358621,52.42419300917691,Potential stress
NIJ012,4.863085802358621,52.42419300917691,In danger
NIJ013,4.863085802358621,52.42419300917691,Potential stress
NIJ014,4.863085802358621,52.42419300917691,Potential stress
NIJ015,4.863085802358621,52.42419300917691,Potential stress
NIJ016,4.870883084724823,52.42750772161981,In danger
NIJ017,4.871147888671879,52.42623263278647,In danger
NIJ018,4.865793405227524,52.42148170104112,In danger
NIJ019,4.865970755770404,52.421401592575705,In danger
NIJ020,4.869789890318401,52.42417753274695,In danger
NIJ021,4.866465342697725,52.42934882951613,In danger
NIJ022,4.858975924456516,52.42487579576907,In danger
NIJ120,4.869113653923806,52.42417457817015,In danger
NLP001,4.847633530616986,52.24435858978163,Potential stress
NLP002,4.832489612023988,52.2399742387116,Potential stress
NLP004,4.813389174027226,52.26566051107514,Potential stress
NLP005,4.7935711285319735,52.24242757868105,Potential stress
NLP006,4.826583855896423,52.23692640165986,Potential stress
NLP007,4.81821763398812,52.25465563534463,Potential stress
NLP008,4.839171704382733,52.2787434420881,Potential stress
NLP009,4.825486478900882,52.25312650401829,Potential stress
NLP010,4.807536456400081,52.25725517648687,Potential stress
NLP011,4.798510851718111,52.25972719362307,Potential stress
NLP012,4.8256901907407945,52.27992949961278,Potential stress
NLP013,4.841178785038414,52.284747658803006,Potential stress
NLP014,4.827618037465706,52.24899316645711,Potential stress
NLP015,4.825047377394078,52.2902086092364,Potential stress
NLP023,4.8397858824148505,52.28360874293472,Potential stress
NLP025,4.83519529391456,52.28979803598776,Potential stress
NLP027,4.842498438753513,52.29187215371696,Potential stress
NLP030,4.815131797806355,52.25317569950359,Potential stress
NLP031,4.818905489563564,52.2512525067709,Potential stress
NLP032,4.828812721588341,52.24364198874176,Potential stress
NLP037,4.8159728504204775,52.254968372819846,Potential stress
NLP038,4.825011054017509,52.252504074002495,Potential stress
NLP039,4.823933198087158,52.27981328673573,Potential stress
NLP040,4.777600968896043,52.25284424699886,In danger
NLP042,4.809427824637598,52.25710265491388,OK
NLP100,4.848969723696244,52.24768123944831,OK
NLP139,4.808063135623489,52.25842619383664,OK
NWE002,4.988689922421601,52.205677264731165,Unknown
NWM001,4.831450896717791,52.33255370677714,Potential stress
NWS001,4.820928361501409,52.346614684390616,Potential stress
NWS002,4.796986012069169,52.34595843557256,Potential stress
NWS003,4.811836268441142,52.35060635615526,Potential stress
NWS004,4.799121408993623,52.34318284151626,Potential stress
NWS106,4.81388511560077,52.34765931155444,Unknown
NYA001,4.888604597544552,52.38659094364208,OK
NYA002,4.9161887906034165,52.37293473005563,Unknown
NYA003,4.893120935523289,52.38993531293953,Unknown
NYA004,4.921393038763137,52.3751662891988,Unknown
NYA005,4.9240655067951495,52.37097053283046,Unknown
NYA007,4.915904544770347,52.37342792222712,Unknown
NYA008,4.915546426733604,52.3725816529428,Unknown
NYA009,4.91656828304008,52.37315194368764,Unknown
NYA010,4.915512758549674,52.3729859651287,Unknown
NYA011,4.915007956909747,52.37350523944768,Unknown
NYA012,4.922443858579001,52.37018224920218,Unknown
NZK001,4.772425558301631,52.41115657104798,Potential stress
NZK002,4.823397697416147,52.39483679854942,Potential stress
NZK003,4.848139490302163,52.4080650185937,Potential stress
NZK004,4.855054309807056,52.41477411259231,Potential stress
NZK005,4.8868887138213255,52.39285710884264,Potential stress
NZK009,4.945284813701598,52.370853899873005,Unknown
NZK010,4.94869599611692,52.37336515653596,Unknown
NZK011,4.942690578026936,52.376236796881,Unknown
NZK012,4.935092289361407,52.37681020518974,Unknown
NZK013,4.893566375755242,52.398745085664245,Unknown
OAM002,4.911487183935066,52.29236754398711,Potential stress
OAM003,4.90934531848264,52.2911725132126,Potential stress
OAM004,4.913677898153336,52.29036306015484,Potential stress
OBH001,4.787002924776793,52.36901587609598,Potential stress
OBH002,4.787535749584366,52.375220143575625,Potential stress
OBH003,4.786236227207862,52.37033319102574,In danger
OBH004,4.787691093048968,52.38328295615832,Potential stress
OBH005,4.76867768336845,52.38378735132507,Potential stress
OBH006,4.755174727435247,52.37997713342598,Potential stress
OBH007,4.787435377838529,52.36309511408898,Potential stress
OBH008,4.782397764138471,52.37723423501178,Potential stress
OBH102,4.785961940897297,52.36890274067848,Unknown
OBL001,4.769479730547459,52.38104127926228,Potential stress
OBL005,4.778113449603697,52.37266445673718,Potential stress
OBL007,4.781449342901026,52.3746319194216,Potential stress
OBL008,4.79157315301374,52.37748746475294,Potential stress
OBL011,4.793385822538942,52.38250275174288,In danger
OBL012,4.793257613895357,52.38330201896378,Potential stress
OBL013,4.788514175333144,52.38324218149904,In danger
OBL015,4.788729945084347,52.37813822311213,In danger
OBL016,4.791916307548617,52.37818124837308,Potential stress
OBL017,4.793330920789567,52.37892534829528,In danger
OBL019,4.793421931492143,52.38090311202332,Potential stress
OBL020,4.781445719882607,52.37059638658229,Potential stress
OBL021,4.787898598473709,52.376624073106086,Potential stress
OBL022,4.7600894908137805,52.38139637101012,Potential stress
OBL023,4.792078421073939,52.37923363161775,Potential stress
OBL024,4.787752843215396,52.37654244534722,Potential stress
OBL025,4.777381868379639,52.37247194740088,Potential stress
OBL026,4.771071337428224,52.375369294644685,Potential stress
OBL027,4.75869645099614,52.38123619297132,Potential stress
OBL028,4.766574928764022,52.37870724288939,Potential stress
OBL105,4.77233956821837,52.38134377235994,Unknown
OBP001,4.865071979102052,52.38790060121932,Potential stress
OBP002,4.85763754582063,52.38802937038973,Unknown
OBP003,4.864450046335738,52.38583068662536,Potential stress
OBP004,4.876483818559681,52.38679095010136,Unknown
OBP005,4.847607934363645,52.38654606482191,Potential stress
ODP001,4.988302885498991,52.3404215293173,Potential stress
ODP002,5.004363358006891,52.336151479257,In danger
ODP115,5.005470075302159,52.337125727297305,Unknown
OOD001,4.909912586916528,52.373484810401735,Potential stress
OOD002,4.913108742953821,52.37121477527999,Potential stress
OSB001,4.760278219661774,52.37220286076843,Potential stress
OSB002,4.775896576160711,52.36623574774879,Potential stress
OSB003,4.785040245083747,52.36541079390071,Potential stress
OSB004,4.770401793850692,52.3738828238046,Potential stress
OSB005,4.763132759817953,52.37388068372468,Potential stress
OSB006,4.760913880290961,52.372943224400814,Potential stress
OSB007,4.759526896071834,52.37133605118108,Potential stress
OSB008,4.758563637068967,52.38128042686871,Potential stress
OSB009,4.759454116835129,52.37129072630756,In danger
OSB102,4.772905914090902,52.37014793421096,Unknown
OTP001,4.91980457312877,52.36006967729056,Potential stress
OTP002,4.922992041175054,52.361295560211445,Potential stress
OUW001,4.898046306905462,52.25102237731745,Potential stress
OUW002,4.924306440018704,52.266227808463206,Potential stress
OUW006,4.9024322098273405,52.25304475453886,Potential stress
PBN001,4.940266763425478,52.389421563810544,Potential stress
PBW001,4.972305709903142,52.25904496610856,Potential stress
PBW002,4.975536354239461,52.23913912254447,Potential stress
PBW003,4.984887901714178,52.24602010043059,Potential stress
PBW004,4.968296120679956,52.25398862877125,Potential stress
PBW005,4.979105998779609,52.23303074599114,Potential stress
PBW006,4.970263232227964,52.24880059127588,Potential stress
PBW007,4.979167176203972,52.25511419145308,Potential stress
PBW008,4.9674795075518645,52.2520623260586,Potential stress
PBW110,4.978856114634041,52.25389975496618,Unknown
PDB001,4.842178456998311,52.18521041967691,Potential stress
PDB002,4.841021985904998,52.2091941522982,In danger
PDB003,4.849415721678998,52.19014209838151,Potential stress
PDB004,4.833734775742351,52.2045763295227,Potential stress
PDB005,4.821891290033223,52.20755818151213,Potential stress
PDB008,4.841334894101998,52.20036935620188,Potential stress
PDB009,4.859918782313333,52.19732597305125,Potential stress
PDB010,4.847602937403353,52.20821774758999,Potential stress
PDB011,4.849268018175645,52.18541371162636,In danger
PDB012,4.822404414667531,52.21440052762554,Potential stress
PDB013,4.846778239731846,52.208663377331135,Potential stress
PDB116,4.825473384041591,52.20657760333625,Potential stress
PDB120,4.822580514855507,52.20396626362633,Unknown
PDB127,4.844731467111354,52.206137347188296,Unknown
PDB130,4.846317126649671,52.19481970165924,Unknown
PEB001,4.852145564918314,52.2380785464055,Potential stress
PEB002,4.844367587996,52.23000781390896,Potential stress
PEB003,4.856142578022385,52.23928299101326,Potential stress
PEB004,4.86446974413029,52.21586150868014,Potential stress
PEB006,4.838125976002449,52.23050027143401,Unknown
PEB147,4.875217961106783,52.2291928203884,Unknown
PGM001,4.903991333441074,52.25242198588234,Potential stress
PGM002,4.903804738546243,52.24398156723812,Potential stress
PGM003,4.909709883262911,52.24766366000686,In danger
PGM004,4.912718294129306,52.24842177450984,In danger
PGM005,4.9045942864156,52.248137214364434,In danger
PGM006,4.906072905104785,52.24817020744779,In danger
PGM007,4.907537173846336,52.24817616002209,In danger
PGM008,4.9089718680200445,52.24820893851139,In danger
PGM009,4.910494805604292,52.24820610391664,In danger
PGM010,4.911973623064272,52.24822104809755,In danger
PGM011,4.906742003523668,52.24994354908294,Potential stress
PGM012,4.904259177245581,52.2223314707264,Potential stress
PGM013,4.900324743423352,52.22211758426408,Potential stress
PGM014,4.891992598789746,52.22124706589975,Potential stress
PGM015,4.88308858192429,52.22955922333471,Potential stress
PGM016,4.918421394683586,52.211611957437285,Potential stress
PGM017,4.904672929017459,52.203044965352014,Potential stress
PGM018,4.888225255577409,52.21135342184565,Potential stress
PGM019,4.875043457098204,52.21127002921107,Potential stress
PGM020,4.867777758259408,52.20698697123242,Potential stress
PGM021,4.870349446910381,52.25014950161519,In danger
PGM022,4.886032051803417,52.20211346298132,Potential stress
PGM023,4.919806917006374,52.20226995311085,Potential stress
PGM024,4.914293665825077,52.20625664354824,Potential stress
PGM025,4.904414578354074,52.24850498495114,Potential stress
PGM026,4.904004580184396,52.24850330921896,Potential stress
PGM027,4.912247519913349,52.24862660534882,Potential stress
PGM028,4.908333782013238,52.24490778836887,Potential stress
PGM030,4.910234915847132,52.20685150337713,Potential stress
PGM031,4.892425922165265,52.21121829905644,Potential stress
PGM032,4.904949470644573,52.230216726442734,Potential stress
PGM033,4.904968875139069,52.2297763962112,Potential stress
PGM034,4.904602781192226,52.239248190674765,Potential stress
PGM123,4.87115996751765,52.2459197248491,Unknown
PGM141,4.923397032965262,52.20448616346725,Unknown
PGM179,4.92217397743624,52.24459456029345,Unknown
PGW001,4.820428372057587,52.21560444448016,Potential stress
PGW003,4.951589327595966,52.21323094762021,Potential stress
PGW004,4.9243632954070735,52.2015958248589,Potential stress
PGW005,4.924648103840083,52.202342943302405,Potential stress
PGW006,4.962985323821578,52.22729360190691,Potential stress
PGW007,4.952451401999891,52.21785392776254,Potential stress
PGW100,4.926320849457627,52.221655632043394,Unknown
PGW125,4.925820152676619,52.20075665564156,In danger
PGW126,4.92439469616522,52.20138922432776,In danger
PKR001,4.973255752531874,52.16473784225694,Potential stress
POG001,4.929789760963216,52.18738897962593,Potential stress
PRH001,4.9255166220613935,52.27242518447951,Potential stress
PRH006,4.904866711383268,52.272998850856496,Potential stress
PRH007,4.918318332677653,52.27563248586142,Potential stress
PRH008,4.923560359279656,52.271752426263845,Potential stress
PRH009,4.917709270354991,52.273643750230825,Potential stress
PRH010,4.898857486045284,52.29187565854437,Potential stress
PRH011,4.896547068006235,52.28872034656577,In danger
PRH012,4.896547068006235,52.28872034656577,In danger
PRH026,4.896479546317574,52.29351059080446,Potential stress
PRH027,4.90980000204655,52.27339636648586,Potential stress
PRH028,4.908630346213871,52.27589026566097,Potential stress
PRH029,4.903625575769758,52.27800002579748,Potential stress
PRH030,4.8894859621417925,52.27662911589487,Potential stress
PRH031,4.908233136918401,52.27059479915964,Potential stress
PRH032,4.898799746284563,52.29179452945327,Potential stress
PRH033,4.908386795248189,52.26993031857549,Potential stress
PRH034,4.904069235837495,52.28976694655884,In danger
PRH035,4.904259099777178,52.29117881415357,In danger
PRH100,4.895036637090977,52.25965625264291,Potential stress
PRH104,4.903524212390276,52.290016378275936,Unknown
PRH160,4.921675244079582,52.271286636624936,Unknown
PRH224,4.893687581244658,52.255830766173446,Unknown
PTB001,4.833572786050774,52.21408490081548,Potential stress
PTB002,4.832974368985016,52.22337569696644,Potential stress
PTB003,4.8334291518470245,52.22446537818691,Potential stress
PTB004,4.845267181892439,52.21381557302857,Potential stress
PTB005,4.837767662533887,52.21445502316285,Potential stress
PWH001,4.951983206695256,52.27776549588889,Potential stress
PWH002,4.9420142232305135,52.27532862323071,Potential stress
PWH003,4.955556294740684,52.25534489665977,Potential stress
PWH004,4.952237692078946,52.26372740375709,Potential stress
PWH005,4.974400459167737,52.26533481282816,Potential stress
PWH006,4.938144682546018,52.27401074996289,Potential stress
PWH007,4.933128008341485,52.26883255471584,Potential stress
PWH008,4.95862772137935,52.26338224201877,Potential stress
PWH100,4.96957105700185,52.26326861834024,OK
PWH120,4.9474603964224215,52.274297427048296,Potential stress
PWH122,4.942042635105516,52.27395358866762,In danger
PWH129,4.942017748072047,52.27204806947959,Potential stress
PWH154,4.945868897669396,52.26339820923134,Unknown
PWH167,4.938662669704851,52.272044375478885,In danger
PWV001,4.901388312514372,52.19436706597845,Potential stress
PWV003,4.901261095085382,52.19396208213221,Potential stress
PWV004,4.899917768259335,52.19375880958567,Potential stress
PWV005,4.884400117643098,52.18727629836012,Potential stress
PWV131,4.857326311425548,52.18900942248071,OK
PZH001,4.825651959078709,52.18775747641969,Potential stress
PZH002,4.789629847246274,52.19134663798933,Potential stress
PZH003,4.777680295642914,52.1999860146507,Potential stress
PZH004,4.787847982882689,52.18246635832887,Potential stress
PZH005,4.773821520617996,52.20508923577403,Potential stress
PZH007,4.7648030617563775,52.21605243205031,Potential stress
PZH009,4.746007692921543,52.19617807981612,Potential stress
PZH010,4.7751154262795925,52.1918295392928,Potential stress
PZH011,4.782170211420803,52.18279691676928,Potential stress
PZH012,4.771669304566679,52.205212857507576,Potential stress
PZH013,4.8227932431193,52.186009146432205,Potential stress
PZH014,4.833008572211681,52.1794423273132,Potential stress
PZH015,4.793399418709018,52.1850290575855,Potential stress
PZH016,4.822836995716904,52.18601834368,Potential stress
PZH017,4.828656116871463,52.17674336487843,Potential stress
PZH018,4.803132683566443,52.18097904940032,Potential stress
PZH019,4.793282923637322,52.184992519159856,Potential stress
PZH020,4.782165769423118,52.21330243270928,Potential stress
PZH021,4.787751670721717,52.21682726863465,Potential stress
PZH022,4.791141373084976,52.21065166017872,Potential stress
PZH023,4.800267045257964,52.19652320230197,Potential stress
PZH024,4.806332166450834,52.18679215151421,Potential stress
PZH101,4.8241047516544535,52.173629838067065,OK
PZH134,4.786637189899996,52.18442859782128,OK
PZH168,4.7872892867669625,52.21204327886974,OK
PZH171,4.7890147414326,52.21648313898578,Potential stress
PZH182,4.759008629432973,52.20358225453933,OK
PZH186,4.780460882083965,52.2160080780775,OK
RBP001,4.846158745239049,52.36326122254659,Potential stress
RKP001,4.8323107211655225,52.333016120828745,Potential stress
RKP002,4.801458283120375,52.3406868283548,Potential stress
RKP003,4.843443289955428,52.34284653178082,Potential stress
RKP004,4.808437811026498,52.33096038675329,Potential stress
RKP005,4.808739555071733,52.33144720555707,Potential stress
RKP006,4.809037751547044,52.33108016172397,In danger
RKP007,4.810991332614034,52.33994270220352,Potential stress
RKP008,4.824164704651063,52.342540674716695,Potential stress
RKP009,4.835011962251438,52.3446769539292,In danger
RKP010,4.812409018256061,52.34151347701784,Potential stress
RKP011,4.7969589339064855,52.340269007714674,Potential stress
RKP012,4.793287838576435,52.3404663480119,Potential stress
RKP013,4.8213770549155095,52.34250041576632,Potential stress
RKP014,4.80628031844094,52.34000055988552,Potential stress
RKP015,4.832461355917094,52.33270225349944,In danger
RLA001,4.781122787129226,52.34586927235898,Unknown
RLA002,4.85685006975122,52.33350614053206,Potential stress
RLA109,4.813039672094625,52.38464888153142,Unknown
RMW005,4.929960337451926,52.35608284187295,Potential stress
RWM001,4.947598813253338,52.35812695234541,Potential stress
RWM002,4.941783483236412,52.35834788302167,Potential stress
RWM003,4.937781370030351,52.357811470177154,In danger
RWM004,4.936785484424888,52.35758299246484,In danger
RWM005,4.929960337451926,52.35608284187295,Unknown
RWM006,4.921749769303048,52.35236587566811,Unknown
SBI001,4.793980533258497,52.34353467199021,Potential stress
SBI002,4.809071682297151,52.378050545764005,Potential stress
SBI003,4.826996046446383,52.35191040736484,Potential stress
SBI004,4.829720960770323,52.36984488644072,Potential stress
SBI005,4.818597710763671,52.36930664923753,OK
SBI006,4.794397834507692,52.38041367490028,Potential stress
SBI007,4.819068204672181,52.35435324952233,Potential stress
SBI008,4.788863814788178,52.35950722357367,Potential stress
SBI009,4.838598255892981,52.37391286286862,Potential stress
SBI010,4.818049693730617,52.36509774131609,Potential stress
SBI012,4.832030964753527,52.351871216091325,Potential stress
SBI013,4.809403469241997,52.36498395553953,Potential stress
SBI014,4.826013138513125,52.38436953788064,Potential stress
SBI015,4.846197832215132,52.36968764177133,Potential stress
SBI016,4.825813323960635,52.358384995126,Potential stress
SBI017,4.816170608105146,52.36736259817021,In danger
SBI019,4.794996724331089,52.345463155686105,Potential stress
SBI020,4.79394583556624,52.36699266844804,Potential stress
SBI021,4.807363857379308,52.36714003725954,Potential stress
SBI022,4.815921180237418,52.37190920317912,Potential stress
SBI023,4.807648118999283,52.3723543351901,Potential stress
SBI024,4.80605404933261,52.36961424014503,Potential stress
SBI025,4.824920746169519,52.36974129681042,Potential stress
SBI026,4.813625797701032,52.362047509700616,Potential stress
SBI027,4.8269023022021855,52.37909794829729,Potential stress
SBI028,4.78987430076722,52.35750804713127,Potential stress
SBI030,4.822386782484104,52.37155375010726,Unknown
SBI031,4.840614994325807,52.35206396003878,Potential stress
SBI032,4.807486361592671,52.36675416289991,In danger
SBI033,4.815483632310901,52.3693995055785,In danger
SBI034,4.82375112076036,52.376278819751214,Potential stress
SBI035,4.832207912381798,52.37058457833342,In danger
SBI036,4.833413500804627,52.3692869995503,In danger
SBI037,4.818518378760533,52.35831422269664,In danger
SBI038,4.803534286322427,52.36024556513736,In danger
SBI039,4.824920746169519,52.36974129681042,In danger
SBI040,4.824920746169519,52.36974129681042,In danger
SBI041,4.824920746169519,52.36974129681042,In danger
SBI042,4.824920746169519,52.36974129681042,In danger
SBI043,4.824920746169519,52.36974129681042,In danger
SBI044,4.824920746169519,52.36974129681042,In danger
SBI045,4.824920746169519,52.36974129681042,In danger
SBI047,4.813625797701032,52.362047509700616,In danger
SBI048,4.813625797701032,52.362047509700616,In danger
SBI049,4.813625797701032,52.362047509700616,In danger
SBI050,4.813625797701032,52.362047509700616,In danger
SBI051,4.813625797701032,52.362047509700616,In danger
SBI052,4.813625797701032,52.362047509700616,In danger
SBI053,4.818049693730617,52.36509774131609,Potential stress
SBI054,4.818049693730617,52.36509774131609,Potential stress
SBI056,4.818049693730617,52.36509774131609,Potential stress
SBI059,4.818049693730617,52.36509774131609,Potential stress
SBI060,4.818049693730617,52.36509774131609,Potential stress
SBI061,4.818049693730617,52.36509774131609,Potential stress
SBI062,4.822970632861094,52.370675733818565,Potential stress
SBI063,4.822116616879272,52.37086040373392,Potential stress
SBI064,4.822402381235754,52.371481922474125,Potential stress
SBI065,4.82317859414177,52.370487981803606,Unknown
SBI066,4.82317859414177,52.370487981803606,Unknown
SBI067,4.82317859414177,52.370487981803606,Unknown
SBI068,4.82317859414177,52.370487981803606,Unknown
SBI069,4.846652534504791,52.36611259564001,Potential stress
SBI070,4.809401178742036,52.358395899876136,Unknown
SBI071,4.823298857943917,52.371423281298455,Unknown
SBI072,4.822875674755261,52.37121454663224,Unknown
SBI075,4.82275397812438,52.37154651347967,Unknown
SBI076,4.818049693730617,52.36509774131609,Unknown
SBI077,4.818049693730617,52.36509774131609,Unknown
SBI078,4.818049693730617,52.36509774131609,Unknown
SBI079,4.834415126418803,52.36549884772914,Potential stress
SBI080,4.834447823289512,52.36287457420772,Potential stress
SBI081,4.834579226488836,52.35939692211157,Potential stress
SBI089,4.825295547152368,52.37145074975157,Unknown
SBI090,4.821677845030813,52.37072349238335,Unknown
SBI091,4.821963487832574,52.37135399939956,Unknown
SBI092,4.823929893595245,52.37145324836349,Unknown
SBI093,4.82108008812571,52.37153852158534,Unknown
SBI094,4.835108299392648,52.36170924696504,In danger
SBI095,4.835300369326437,52.361611277156406,In danger
SBI131,4.827451213982224,52.36818941775926,Unknown
SBI166,4.8090653554844645,52.378535853507394,Unknown
SBI187,4.833077495107455,52.36327261728383,Potential stress
SBI202,4.820221933337485,52.370896284395336,Potential stress
SBI203,4.816536493646003,52.372020023619015,Unknown
SBI205,4.820219750657451,52.3710670413477,OK
SBI206,4.82027848299656,52.37106732259172,Potential stress
SBI207,4.820337215336531,52.371067603806665,Potential stress
SBI208,4.820425313848091,52.371068025574445,Potential stress
SBI212,4.8203367559176975,52.371103552638544,Potential stress
SBI215,4.820218831628493,52.37113893901003,Potential stress
SBI216,4.82027756406282,52.37113922025471,Potential stress
SBI217,4.820336296498008,52.37113950147024,Potential stress
SBI218,4.820424395152393,52.37113992323884,Potential stress
SBI220,4.820218372112729,52.37117488784081,Potential stress
SBI221,4.820277104594666,52.37117516908576,Potential stress
SBI223,4.820423935803259,52.37117587207065,Potential stress
SIN001,4.881951366582243,52.36201730388133,Potential stress
SIN002,4.886089702450588,52.360866488084426,Potential stress
SIN004,4.920974214059269,52.36331885366908,Potential stress
SIN005,4.912054747946269,52.36131508234448,Potential stress
SIN006,4.879433528306708,52.38190533947354,Potential stress
SLK001,4.812313955781075,52.36924934037761,Potential stress
SPP001,4.895693878273762,52.35395923363148,Potential stress
SPP002,4.895138023983462,52.3537861571732,Potential stress
SPP003,4.897592444263473,52.3548299247384,Potential stress
SPP004,4.897882533249311,52.35514569507002,Potential stress
SPP005,4.894694706686556,52.35405394572837,Potential stress
STO001,4.898540262887222,52.4140447025092,Potential stress
STR001,5.021049487587128,52.35704673189849,Potential stress
STR002,5.012195513927183,52.35038610893987,In danger
STR003,5.012616280700983,52.35096265306528,In danger
STR004,5.012909815919844,52.35096358153943,In danger
STR005,5.013291411725479,52.35096478746723,In danger
TDO001,4.88580448083773,52.41078290466198,Potential stress
TDO002,4.879509638497859,52.41373999527943,Potential stress
TSL001,4.796603871289498,52.34600146827014,Potential stress
UHP001,4.823939355034875,52.23072109689493,Potential stress
UHP002,4.825237057782721,52.233441651453454,Potential stress
UHP003,4.823110970905961,52.23602904829779,Potential stress
UHP004,4.793476794001807,52.24181592071556,Potential stress
UHP005,4.825150706126139,52.23332439676515,Potential stress
UHP006,4.730822364329087,52.20830947480714,Potential stress
UHP007,4.797901506748515,52.22720559412637,Potential stress
UHP008,4.816317902756951,52.23834228426798,In danger
UHP009,4.821696085112929,52.23677727534788,Potential stress
UHP010,4.816579540977099,52.23620440625609,In danger
UHP011,4.821260557723815,52.23533711142608,Potential stress
UHP013,4.815936481162539,52.2361204066239,In danger
UHP014,4.812959959130733,52.23194453285117,In danger
UHP024,4.808895461539255,52.22818569422135,Potential stress
UHP025,4.81069414662884,52.24188320879869,Potential stress
UHP027,4.812234902333645,52.23594965410364,Potential stress
UHP028,4.820930826306943,52.23248633734894,Potential stress
UHP031,4.811262641439492,52.22962635269143,In danger
UHP032,4.808057357616772,52.22847819259734,In danger
UHP033,4.808730310644444,52.22963195526757,In danger
UHP034,4.773659832817037,52.22639907793595,In danger
UHP035,4.757106561573115,52.22223136034889,In danger
UHP036,4.750382748082869,52.21755745669846,In danger
UHP037,4.739547015185166,52.213004491266325,In danger
UHP038,4.814383393672883,52.23963617946404,Potential stress
UHP039,4.812068716586931,52.23181436518929,Potential stress
UHP040,4.808138194596447,52.230141370772,Potential stress
UHP041,4.815262666713413,52.23501162314984,Potential stress
UHP042,4.816144748510814,52.229011905979945,Potential stress
UHP043,4.788192888959938,52.23516508753048,Potential stress
UHP045,4.794415931931342,52.24165885225769,Potential stress
UHP046,4.813223034263973,52.23992715168697,Potential stress
UHP047,4.772960494795926,52.231473683636175,Potential stress
UHP048,4.807328758200205,52.232725946334575,Potential stress
UHP109,4.784240596427263,52.23190030650433,Unknown
UHP160,4.763891427025665,52.22055064210787,Unknown
VBG001,4.903400100217112,52.41048756946888,Potential stress
VDH001,4.861232213516418,52.38467500055495,Potential stress
VGD001,4.950304812141403,52.33823815545128,Potential stress
VGD002,4.961224826484163,52.33636357718353,Potential stress
VGD005,4.962215210085547,52.32946455200945,Potential stress
VGD006,4.964360335764299,52.33374141485037,Potential stress
VGD007,4.968793897263956,52.33033284439955,Potential stress
VGD009,4.929452136863602,52.33846491951624,Potential stress
VGD010,4.942890761743488,52.332790941016,Potential stress
VGD018,4.931663248116916,52.317451064619725,Potential stress
VGD019,4.927108695866973,52.31964443475118,Potential stress
VGD020,4.922264116477355,52.32147697906699,Potential stress
VGD021,4.9162697499252666,52.32103983246414,Potential stress
VGD022,4.9160614372722335,52.32408586221583,Potential stress
VGD023,4.932232168053759,52.31774985079752,Potential stress
VGD025,4.956871815143417,52.33588046606065,Potential stress
VGD026,4.916978310153418,52.312297526413566,Potential stress
VGD027,4.908831899361632,52.31164470472519,Potential stress
VGD028,4.897032660782613,52.32577016505964,Potential stress
VGD029,4.904058584773155,52.3325578743151,Potential stress
VGD030,4.907362235938372,52.326882053860125,Potential stress
VGD031,4.914558046511156,52.32062855617227,Potential stress
VGD032,4.921453043402372,52.31209952180578,Potential stress
VGD033,4.923350675485514,52.31153175878397,Potential stress
VGD034,4.911287288001701,52.300087288578126,In danger
VGD035,4.913985104411997,52.308321967266174,Potential stress
VGD036,4.908736631618763,52.32457775924102,Potential stress
VGD037,4.906170976803705,52.31226306071436,Potential stress
VGD126,4.910393143338252,52.30144084894317,Potential stress
VGD151,4.917416673611815,52.31105895126695,Unknown
VGD155,4.922016246898687,52.30592711567551,Unknown
VIN002,4.924459467497439,52.21346931410369,Potential stress
VIN003,4.924037748007551,52.21040276461123,Potential stress
VIN004,4.919574512256312,52.21466344946744,Potential stress
VIN005,4.925092993830081,52.21163824972898,Potential stress
VIN006,4.919756652488122,52.2112487430254,Potential stress
VLB101,4.926101447840806,52.38982563484703,In danger
VLB103,4.93051783411771,52.38891701712696,In danger
VLP001,4.938573482868115,52.38981061887844,Potential stress
VOP001,4.871979653402419,52.358514044295866,Potential stress
VOP002,4.859011515767212,52.35654249920065,Potential stress
VOP003,4.874826603165225,52.35986557493113,Potential stress
VOP004,4.870359702224163,52.35769808516712,Potential stress
VOP005,4.868898930012165,52.359597100989255,Potential stress
VOP006,4.864320847518536,52.35692558109312,Potential stress
VOP007,4.8578590099523264,52.35471283546445,Potential stress
VOP008,4.8670120343905365,52.35525672792304,Potential stress
VOP009,4.8582638755782535,52.35276430046631,Potential stress
VSA101,4.908892970355824,52.33049235083431,Unknown
VSP107,4.9364444843742215,52.32756264835164,Unknown
VSV102,4.919944561446989,52.32028145328035,Unknown
WAV001,4.929668409322225,52.26904391205293,Potential stress
WEP001,4.730742464426576,52.23459017625975,Potential stress
WGA101,4.953717022045135,52.35394326739345,Unknown
WGM002,4.962844283854162,52.35574691612013,Potential stress
WGM003,4.941332483312534,52.35502073236604,Potential stress
WGM004,4.932388665883715,52.34973787696706,Potential stress
WGM005,4.944144933356023,52.343841578137415,Potential stress
WGM006,4.926313300979172,52.3411760249402,Potential stress
WGM007,4.950439500239948,52.346920800728725,Potential stress
WGM008,4.952013434037614,52.35104297331071,Potential stress
WGM009,4.954055657574018,52.3493248225222,Potential stress
WIL001,4.891495813220564,52.20144444958028,Potential stress
WIL002,4.904122505777416,52.20119118835402,Potential stress
WIN001,4.946252192872972,52.25871695743129,Potential stress
WOB002,4.76487057235839,52.21645725061546,Potential stress
WOB003,4.748013225723965,52.20932056365859,Potential stress
WOB004,4.758306953142042,52.21702468215874,Potential stress
WOB005,4.763310556764968,52.21813877554542,Potential stress
WOB006,4.763183710211913,52.215702340487184,Potential stress
WTV001,4.960297545362777,52.33819373381944,Potential stress
WTV002,4.9449160020911656,52.33714859755237,Potential stress
WTV004,4.943862393193995,52.33686603512999,Potential stress
WVO001,4.867755325111588,52.17375811329991,Potential stress
WVO002,4.918406867076632,52.17960564863323,Potential stress
WVO003,4.950756420021707,52.18472701201159,Potential stress
WVO004,4.8826356459499,52.16615585101912,Potential stress
WVO005,4.881090559240684,52.16578072448428,In danger
WVO006,4.897428439471325,52.17272551514228,Potential stress
WVO007,4.8653888964304,52.17985056505992,Potential stress
WVO008,4.854161920506896,52.18091492003806,Potential stress
WVO009,4.855099308209682,52.17955296455848,In danger
WVO010,4.852662497540808,52.18402699478187,Potential stress
WVO011,4.871468420698252,52.1661794829555,Potential stress
WVO012,4.870743402141978,52.16188900177843,Potential stress
WVO013,4.882644550498502,52.17571019117888,Potential stress
WVO014,4.938303838397589,52.17834377473815,Potential stress
WVO015,4.936736615188766,52.17862542091984,Potential stress
WVO016,4.936041131687244,52.17800259199248,Potential stress
WVO017,4.937356541646213,52.17804356417195,Potential stress
WVO018,4.93674950150716,52.17734917225701,Potential stress
WVO019,4.938370003460602,52.17758004530145,Potential stress
WVO020,4.963875948946447,52.16589997780024,Potential stress
WVO021,4.936682953111767,52.17959592134273,Potential stress
WVO022,4.938941982000686,52.17594640024,Potential stress
WVO023,4.938418057442068,52.180069906979455,Potential stress
WVO025,4.936589236057987,52.17874170257807,Potential stress
WVO026,4.938170179501856,52.178549990651085,Potential stress
WVO027,4.937505003606295,52.17781942952536,In danger
WVO028,4.9374945514202295,52.17740594110296,In danger
WVO029,4.937578645258235,52.17776578196927,In danger
WVO030,4.936533480103381,52.17847184936602,In danger
WVO031,4.9029387209279625,52.1714629618243,Potential stress
WVO032,4.936334066330003,52.17939685308456,In danger
WVO033,4.930427284084006,52.186537587688704,Unknown
WVO034,4.871099020701189,52.17157969505777,Potential stress
WVO035,4.867571891368077,52.16189305526953,Potential stress
WVO036,4.844424131072769,52.18091548584092,Potential stress
WVO037,4.9297630649386655,52.16860392133439,Potential stress
WVO038,4.936468462717671,52.179118737978136,Potential stress
ZAK001,4.867658434012635,52.34392599409856,Potential stress
ZAK002,4.857990937489435,52.34241815089588,In danger
ZBG001,4.961383435612421,52.36878280864442,Potential stress
ZBG002,4.966021768726955,52.36894320131965,Potential stress
ZBG003,4.964512994472249,52.37627176332396,Potential stress
ZKH001,4.859999575590817,52.42039552373544,Potential stress
ZKI001,4.899545806399172,52.401475136636,Potential stress
ZKI002,4.9040060793344376,52.41017547526105,In danger
ZKK001,4.939119356472742,52.38957900630044,Potential stress
ZLP001,4.739332629634018,52.21768610661545,Potential stress
ZLP002,4.753254409834733,52.23479401913883,Potential stress
ZLP003,4.731594226762241,52.22645171982761,Potential stress
ZLP004,4.767800323420618,52.244650148137744,Potential stress
ZLP005,4.758254526804018,52.24872522100375,Potential stress
ZLP007,4.735911017865409,52.22251186147636,Potential stress
ZLP008,4.756289546835156,52.23858524236197,Potential stress
ZLP009,4.74635951750835,52.23376813299661,Potential stress
ZLP013,4.747358408956855,52.23454651947136,Potential stress
ZLP014,4.748489264140591,52.2342919856738,Potential stress
ZLP017,4.758483563180407,52.23665552352266,Potential stress
ZLP018,4.749996487249181,52.23228680278661,Potential stress
ZLP019,4.74700578254708,52.23056290318536,Potential stress
ZLP028,4.762016638783868,52.23526315193446,Potential stress
ZLP033,4.754123652823701,52.23955335177507,Potential stress
ZLP034,4.763376132703304,52.2364477707108,Potential stress
ZLP035,4.729294213391811,52.22560304060895,Potential stress
ZLP036,4.74838193702804,52.22952773918519,Potential stress
ZLP037,4.785145220893632,52.23969753003826,Potential stress
ZLP102,4.730722473597206,52.22601545057515,Unknown
ZLP107,4.760309082592078,52.24736996086644,Unknown
ZUB001,4.994864521606382,52.30858192114376,Unknown
ZUB002,4.9981157586304015,52.30233716971463,Potential stress
ZUB003,4.971610169199107,52.28647341390057,Potential stress
ZUB004,4.997775674165914,52.289276792544335,Potential stress
ZUB105,4.990237976063796,52.29466238609259,Unknown
ZUB117,4.967733439177463,52.28572272433294,In danger
